<?xml version="1.0" encoding="UTF-8"?>
<project-private xmlns="http://www.netbeans.org/ns/project-private/1">
    <editor-bookmarks xmlns="http://www.netbeans.org/ns/editor-bookmarks/2" lastBookmarkId="0"/>
    <open-files xmlns="http://www.netbeans.org/ns/projectui-open-files/2">
        <group>
            <file>file:/C:/Users/vitor/Documents/CADiE/src/Model/bean/Usuario.java</file>
            <file>file:/C:/Users/vitor/Documents/CADiE/src/View/Login.java</file>
            <file>file:/C:/Users/vitor/Documents/CADiE/src/Controller/ControlaUsuario.java</file>
            <file>file:/C:/Users/vitor/Documents/CADiE/src/Model/DAO/UsuarioDAO.java</file>
            <file>file:/C:/Users/vitor/Documents/CADiE/src/View/Avaliacao.java</file>
        </group>
    </open-files>
</project-private>
